commit	status	mode	throughput_n	quality_steps	throughput_steps	quality_episodes	dmg_per_ep_mean	dmg_per_ep_lo	dmg_per_ep_hi	hits_per_ep_mean	hits_per_ep_lo	hits_per_ep_hi	throughput_eps	rtime_mean_ms	rtime_p95_ms	cpu_machine_sat	ram_growth_mb	gc_heap_mean_mb	gc_heap_growth_mb	description
d73f9ef	keep	headless	4	8192	1024	8	94.5573	78.8275	103.1250	6.1250	5.0000	7.2500	90.3305	13.8231	15.0905	14.27	57	545.75	35.49	baseline
d73f9ef	keep	graphical	4	4096	1024	4	97.3958	90.9375	102.3958	7.2500	4.5000	9.0000	36.1971	20.2463	22.6203	37.56	60	556.19	28.11	baseline
d73f9ef	keep	graphical	8	8192	1024	9	85.1157	72.9861	96.3906	7.6667	6.3333	8.7778	36.7281	29.7280	40.0291	47.14	146	1096.46	81.46	A/B/C: launch full graphical (no flags) at N=8
d73f9ef	keep	batchmode	8	8192	1024	7	94.5536	86.9635	101.0744	7.4286	6.2857	8.4286	175.2365	14.3858	15.6525	27.48	130	1075.32	109.45	A/B/C: -batchmode at N=8
d73f9ef	keep	nographics	8	8192	1024	8	81.7187	69.5573	93.2038	7.8750	6.6250	8.7500	195.7768	14.0834	15.4675	26.43	63	1063.77	78.10	A/B/C: -batchmode -nographics at N=8 (winner: +11.7% throughput, -15% RAM vs batchmode)
1bca202	keep	nographics	8	8192	1024	46	88.6277	82.5764	94.1441	7.9565	7.5435	8.3261	146.9338	13.1544	14.8699	28.69	298	1138.24	167.15	merged-harness verify: --merged at N=8 8192 steps; CIs overlap split, throughput drops 25% because merged includes reset wallclock (more honest)
1bca202	keep	nographics	8	4096	1024	22	87.0833	78.4936	95.3790	7.8636	7.3182	8.3636	148.6539	12.9203	13.7805	29.56	296	1146.44	185.69	NEW BASELINE: merged + nographics + 4096 steps × N=8 (default for sim/may8 going forward)
bf69447	keep	nographics	8	4096	1024	23	79.9819	70.1628	88.9767	8.3043	7.8261	8.7391	169.3017	12.8907	13.7031	28.48	292	1128.71	101.96	gate terrain_debug Physics2D queries behind eval mode (+13.9% throughput, CIs overlap)
e094f23	keep	nographics	8	4096	1024	6	105.0694	103.7153	106.2500	7.0000	6.3333	7.6667	275.5826	3.3432	3.9300	69.11	127	1092.30	69.35	uncap Unity frame loop (+63% throughput); finer control rate — dmg up + hits down, both move in agent's favor; per-step game time ~1/3.8× baseline
